{"cameraMode":{"drawMode":0,"name":"Shaded","section":"Shading Mode"},"sceneLighting":false,"audioPlay":false,"sceneViewState":{"showFog":true,"showMaterialUpdate":false,"showSkybox":true,"showFlares":true,"showImageEffects":true,"showParticleSystems":true},"in2DMode":false,"pivot":{"x":-5.999607086181641,"y":1.5550000667572022,"z":5.5696563720703129},"rotation":{"x":0.22752173244953156,"y":0.11941956728696823,"z":-0.02811962552368641,"w":0.9660135507583618},"size":4.805484771728516,"orthographic":false}