{"cameraMode":{"drawMode":0,"name":"Shaded","section":"Shading Mode"},"sceneLighting":false,"audioPlay":false,"sceneViewState":{"showFog":true,"showMaterialUpdate":false,"showSkybox":true,"showFlares":true,"showImageEffects":true,"showParticleSystems":true},"in2DMode":false,"pivot":{"x":-3.5500001907348635,"y":0.7321128845214844,"z":-17.989999771118165},"rotation":{"x":0.3855474591255188,"y":-0.5213260054588318,"z":0.284676194190979,"w":0.7060679197311401},"size":5.518875598907471,"orthographic":false}