{"cameraMode":{"drawMode":0,"name":"Shaded","section":"Shading Mode"},"sceneLighting":false,"audioPlay":false,"sceneViewState":{"showFog":true,"showMaterialUpdate":false,"showSkybox":true,"showFlares":true,"showImageEffects":true,"showParticleSystems":true},"in2DMode":false,"pivot":{"x":-24.953012466430665,"y":1.6612309217453004,"z":-5.957256317138672},"rotation":{"x":-0.07761871069669724,"y":0.9201211929321289,"z":-0.3031846284866333,"w":-0.2354390025138855},"size":16.956079483032228,"orthographic":false}