{"cameraMode":{"drawMode":0,"name":"Shaded","section":"Shading Mode"},"sceneLighting":false,"audioPlay":false,"sceneViewState":{"showFog":true,"showMaterialUpdate":false,"showSkybox":true,"showFlares":true,"showImageEffects":true,"showParticleSystems":true},"in2DMode":false,"pivot":{"x":-7.71999979019165,"y":1.869999885559082,"z":-17.779502868652345},"rotation":{"x":0.23194992542266847,"y":-0.04230282083153725,"z":0.010102380998432637,"w":0.9717549085617065},"size":8.573653221130371,"orthographic":false}