{"cameraMode":{"drawMode":0,"name":"Shaded","section":"Shading Mode"},"sceneLighting":true,"audioPlay":false,"sceneViewState":{"showFog":true,"showMaterialUpdate":false,"showSkybox":true,"showFlares":true,"showImageEffects":true,"showParticleSystems":true},"in2DMode":false,"pivot":{"x":-44.27027893066406,"y":2.0899999141693117,"z":-12.175593376159668},"rotation":{"x":-0.11863420158624649,"y":0.7019355297088623,"z":-0.12035422772169113,"w":-0.6919012665748596},"size":13.225435256958008,"orthographic":false}