{"cameraMode":{"drawMode":0,"name":"Shaded","section":"Shading Mode"},"sceneLighting":false,"audioPlay":false,"sceneViewState":{"showFog":true,"showMaterialUpdate":false,"showSkybox":true,"showFlares":true,"showImageEffects":true,"showParticleSystems":true},"in2DMode":false,"pivot":{"x":-26.741561889648439,"y":1.159999966621399,"z":-18.100000381469728},"rotation":{"x":0.46091198921203616,"y":0.13090397417545319,"z":-0.06894534081220627,"w":0.8750262260437012},"size":8.002074241638184,"orthographic":false}