{"cameraMode":{"drawMode":0,"name":"Shaded","section":"Shading Mode"},"sceneLighting":false,"audioPlay":false,"sceneViewState":{"showFog":true,"showMaterialUpdate":false,"showSkybox":true,"showFlares":true,"showImageEffects":true,"showParticleSystems":true},"in2DMode":false,"pivot":{"x":-11.22092342376709,"y":1.0000004768371583,"z":6.110000133514404},"rotation":{"x":-0.27806392312049868,"y":0.7105833292007446,"z":-0.3756472170352936,"w":-0.5259667038917542},"size":8.573655128479004,"orthographic":false}