{"cameraMode":{"drawMode":0,"name":"Shaded","section":"Shading Mode"},"sceneLighting":false,"audioPlay":false,"sceneViewState":{"showFog":true,"showMaterialUpdate":false,"showSkybox":true,"showFlares":true,"showImageEffects":true,"showParticleSystems":true},"in2DMode":false,"pivot":{"x":-6.769333839416504,"y":1.6612306833267213,"z":2.130934000015259},"rotation":{"x":-0.08119485527276993,"y":0.025695664808154107,"z":-0.002054457785561681,"w":-0.9963648915290833},"size":9.475205421447754,"orthographic":false}