{"cameraMode":{"drawMode":0,"name":"Shaded","section":"Shading Mode"},"sceneLighting":false,"audioPlay":false,"sceneViewState":{"showFog":true,"showMaterialUpdate":false,"showSkybox":true,"showFlares":true,"showImageEffects":true,"showParticleSystems":true},"in2DMode":false,"pivot":{"x":-7.0,"y":1.0000003576278687,"z":-17.78692054748535},"rotation":{"x":0.23194992542266847,"y":-0.04230282083153725,"z":0.010102380998432637,"w":0.9717549085617065},"size":2.1434130668640138,"orthographic":false}