{"cameraMode":{"drawMode":0,"name":"Shaded","section":"Shading Mode"},"sceneLighting":false,"audioPlay":false,"sceneViewState":{"showFog":true,"showMaterialUpdate":false,"showSkybox":true,"showFlares":true,"showImageEffects":true,"showParticleSystems":true},"in2DMode":false,"pivot":{"x":-12.002041816711426,"y":1.9399998188018799,"z":-24.031574249267579},"rotation":{"x":0.377275288105011,"y":0.11981869488954544,"z":-0.049234602600336078,"w":0.9169965982437134},"size":1.4190000295639039,"orthographic":false}