{"cameraMode":{"drawMode":0,"name":"Shaded","section":"Shading Mode"},"sceneLighting":true,"audioPlay":false,"sceneViewState":{"showFog":true,"showMaterialUpdate":false,"showSkybox":true,"showFlares":true,"showImageEffects":true,"showParticleSystems":true},"in2DMode":false,"pivot":{"x":556.9108276367188,"y":283.731201171875,"z":-6.125},"rotation":{"x":-0.2588499188423157,"y":0.39669719338417055,"z":-0.11764957010746002,"w":-0.8728039264678955},"size":203.84820556640626,"orthographic":false}