{"cameraMode":{"drawMode":0,"name":"Shaded","section":"Shading Mode"},"sceneLighting":false,"audioPlay":false,"sceneViewState":{"showFog":true,"showMaterialUpdate":false,"showSkybox":true,"showFlares":true,"showImageEffects":true,"showParticleSystems":true},"in2DMode":false,"pivot":{"x":-18.394214630126954,"y":0.6812655925750732,"z":-21.2595272064209},"rotation":{"x":0.31227537989616396,"y":0.16697850823402406,"z":-0.0558566153049469,"w":0.9335322380065918},"size":4.8275465965271,"orthographic":false}