{"cameraMode":{"drawMode":0,"name":"Shaded","section":"Shading Mode"},"sceneLighting":false,"audioPlay":false,"sceneViewState":{"showFog":true,"showMaterialUpdate":false,"showSkybox":true,"showFlares":true,"showImageEffects":true,"showParticleSystems":true},"in2DMode":false,"pivot":{"x":-17.574050903320314,"y":2.049999952316284,"z":-22.184673309326173},"rotation":{"x":-0.1892712116241455,"y":0.39916104078292849,"z":-0.0845470204949379,"w":-0.8931397795677185},"size":3.715247631072998,"orthographic":false}