{"cameraMode":{"drawMode":0,"name":"Shaded","section":"Shading Mode"},"sceneLighting":false,"audioPlay":false,"sceneViewState":{"showFog":true,"showMaterialUpdate":false,"showSkybox":true,"showFlares":true,"showImageEffects":true,"showParticleSystems":true},"in2DMode":false,"pivot":{"x":-10.291629791259766,"y":9.361230850219727,"z":-32.130001068115237},"rotation":{"x":0.18598724901676179,"y":0.08596955239772797,"z":-0.01638459600508213,"w":0.9786468148231506},"size":11.60311508178711,"orthographic":false}