{"cameraMode":{"drawMode":0,"name":"Shaded","section":"Shading Mode"},"sceneLighting":false,"audioPlay":false,"sceneViewState":{"showFog":true,"showMaterialUpdate":false,"showSkybox":true,"showFlares":true,"showImageEffects":true,"showParticleSystems":true},"in2DMode":false,"pivot":{"x":-3.8743019104003908e-7,"y":1.8199999332427979,"z":0.28000134229660036},"rotation":{"x":-0.3017091453075409,"y":-0.1799170970916748,"z":0.0581316314637661,"w":-0.934463620185852},"size":13.59838581085205,"orthographic":false}