{"cameraMode":{"drawMode":0,"name":"Shaded","section":"Shading Mode"},"sceneLighting":false,"audioPlay":false,"sceneViewState":{"showFog":true,"showMaterialUpdate":false,"showSkybox":true,"showFlares":true,"showImageEffects":true,"showParticleSystems":true},"in2DMode":false,"pivot":{"x":-32.873722076416019,"y":2.049999952316284,"z":-17.271728515625},"rotation":{"x":-0.3540321886539459,"y":-0.08094391226768494,"z":0.03081357851624489,"w":-0.9312142133712769},"size":8.573651313781739,"orthographic":false}