{"cameraMode":{"drawMode":0,"name":"Shaded","section":"Shading Mode"},"sceneLighting":false,"audioPlay":false,"sceneViewState":{"showFog":true,"showMaterialUpdate":false,"showSkybox":true,"showFlares":true,"showImageEffects":true,"showParticleSystems":true},"in2DMode":false,"pivot":{"x":-12.260954856872559,"y":1.3397221565246583,"z":-29.19805908203125},"rotation":{"x":-0.15826837718486787,"y":0.8398598432540894,"z":-0.3967200517654419,"w":-0.3349623382091522},"size":27.54475975036621,"orthographic":false}