{"cameraMode":{"drawMode":0,"name":"Shaded","section":"Shading Mode"},"sceneLighting":false,"audioPlay":false,"sceneViewState":{"showFog":true,"showMaterialUpdate":false,"showSkybox":true,"showFlares":true,"showImageEffects":true,"showParticleSystems":true},"in2DMode":false,"pivot":{"x":-12.206293106079102,"y":1.626399278640747,"z":-29.70958137512207},"rotation":{"x":0.12673665583133698,"y":0.7504882216453552,"z":-0.15083806216716767,"w":0.6308353543281555},"size":15.264721870422364,"orthographic":false}