{"cameraMode":{"drawMode":0,"name":"Shaded","section":"Shading Mode"},"sceneLighting":false,"audioPlay":false,"sceneViewState":{"showFog":true,"showMaterialUpdate":false,"showSkybox":true,"showFlares":true,"showImageEffects":true,"showParticleSystems":true},"in2DMode":false,"pivot":{"x":-5.999607086181641,"y":1.5550000667572022,"z":5.5696563720703129},"rotation":{"x":0.46091198921203616,"y":0.13090397417545319,"z":-0.06894534081220627,"w":0.8750262260437012},"size":3.905484199523926,"orthographic":false}