{"cameraMode":{"drawMode":0,"name":"Shaded","section":"Shading Mode"},"sceneLighting":false,"audioPlay":false,"sceneViewState":{"showFog":true,"showMaterialUpdate":false,"showSkybox":true,"showFlares":true,"showImageEffects":true,"showParticleSystems":true},"in2DMode":false,"pivot":{"x":-0.9399998188018799,"y":1.7944998741149903,"z":-19.049999237060548},"rotation":{"x":0.2147200107574463,"y":-0.39551788568496706,"z":0.09571584314107895,"w":0.8878623247146606},"size":16.505512237548829,"orthographic":false}