{"cameraMode":{"drawMode":0,"name":"Shaded","section":"Shading Mode"},"sceneLighting":false,"audioPlay":false,"sceneViewState":{"showFog":true,"showMaterialUpdate":false,"showSkybox":true,"showFlares":true,"showImageEffects":true,"showParticleSystems":true},"in2DMode":false,"pivot":{"x":-4.920354843139648,"y":-0.5360603332519531,"z":1.079824686050415},"rotation":{"x":0.3848201036453247,"y":0.597373366355896,"z":-0.39464089274406435,"w":0.5825093388557434},"size":41.31863021850586,"orthographic":false}