{"cameraMode":{"drawMode":0,"name":"Shaded","section":"Shading Mode"},"sceneLighting":false,"audioPlay":false,"sceneViewState":{"showFog":true,"showMaterialUpdate":false,"showSkybox":true,"showFlares":true,"showImageEffects":true,"showParticleSystems":true},"in2DMode":false,"pivot":{"x":-0.8470858335494995,"y":1.3397220373153687,"z":0.0},"rotation":{"x":0.00013248207687865943,"y":0.9934726357460022,"z":-0.1140618696808815,"w":0.001478789490647614},"size":6.338831424713135,"orthographic":false}